indicator_category,indicator_code,indicator_name,observation_period,observation_date,frequency,value,unit,share_denominator,share_pct,share_of_ordinary_revenue_pct,share_of_gdp_pct,status,source_id,source_institution,source_document,source_table_page,transformation,notes
debt_stock,DEBT_STOCK_TOT_2025,Total Public and Publicly Guaranteed Debt,FY 2024/25,2025-06-30,annual,11814.474,KSh Billion,total_ppg_debt,100,,67.76,provisional_fy_outturn,EXT-DOC-001,National Treasury of Kenya,Annual Public Debt Management Report FY 2024/2025,Table 3 (p. 28),"KSh million divided by 1,000; GDP share calculated from the same table",Gross PPG debt stock
debt_stock,DEBT_STOCK_DOM_2025,Domestic Public Debt,FY 2024/25,2025-06-30,annual,6326.009,KSh Billion,total_ppg_debt,53.54,,36.28,provisional_fy_outturn,EXT-DOC-001,National Treasury of Kenya,Annual Public Debt Management Report FY 2024/2025,Table 3 (p. 28),"KSh million divided by 1,000; shares calculated from same-period totals",Domestic securities and other domestic debt
debt_stock,DEBT_STOCK_EXT_2025,External Public Debt,FY 2024/25,2025-06-30,annual,5488.465,KSh Billion,total_ppg_debt,46.46,,31.48,provisional_fy_outturn,EXT-DOC-001,National Treasury of Kenya,Annual Public Debt Management Report FY 2024/2025,Table 3 (p. 28),"KSh million divided by 1,000; shares calculated from same-period totals",Includes nonguaranteed and guaranteed external debt
debt_stock,DEBT_STOCK_TOT_2026M05,Total Public and Publicly Guaranteed Debt,May 2026,2026-05-31,monthly,12896.4,KSh Billion,total_ppg_debt,100,,,provisional_monthly,EXT-DOC-007,Central Bank of Kenya,Monthly Economic Indicators June 2026,Table 7.1 (p. 22),Directly reported,Latest complete simultaneous domestic and external debt observation in the June 2026 bulletin
debt_stock,DEBT_STOCK_DOM_2026M05,Domestic Public Debt,May 2026,2026-05-31,monthly,7239.1,KSh Billion,total_ppg_debt,56.13,,,provisional_monthly,EXT-DOC-007,Central Bank of Kenya,Monthly Economic Indicators June 2026,Table 7.1 (p. 22),Share calculated from same-period CBK total,May 2026 domestic component
debt_stock,DEBT_STOCK_EXT_2026M05,External Public Debt,May 2026,2026-05-31,monthly,5657.3,KSh Billion,total_ppg_debt,43.87,,,provisional_monthly,EXT-DOC-007,Central Bank of Kenya,Monthly Economic Indicators June 2026,Table 7.1 (p. 22),Share calculated from same-period CBK total,May 2026 external component
composition,COMP_DOM_TBONDS_2025,Domestic Treasury Bonds,FY 2024/25,2025-06-30,annual,5110.01,KSh Billion,total_ppg_debt,43.25,,,provisional_fy_outturn,EXT-DOC-001,National Treasury of Kenya,Annual Public Debt Management Report FY 2024/2025,Table 5 (p. 34),"KSh million divided by 1,000; share calculated against total PPG debt",Treasury bond stock
composition,COMP_DOM_TBILLS_2025,Domestic Treasury Bills,FY 2024/25,2025-06-30,annual,1036.875,KSh Billion,total_ppg_debt,8.78,,,provisional_fy_outturn,EXT-DOC-001,National Treasury of Kenya,Annual Public Debt Management Report FY 2024/2025,Table 5 (p. 34),"KSh million divided by 1,000; share calculated against total PPG debt",Treasury bill stock; increased 68 percent during FY 2024/25
composition,COMP_DOM_OTHER_2025,Other Domestic Debt,FY 2024/25,2025-06-30,annual,179.124,KSh Billion,total_ppg_debt,1.52,,,provisional_fy_outturn,EXT-DOC-001,National Treasury of Kenya,Annual Public Debt Management Report FY 2024/2025,Table 5 (p. 34),Total domestic debt less Treasury bonds and Treasury bills,Pre-1997 debt and other domestic liabilities including CBK overdraft
composition,COMP_EXT_MULTI_2025,External Multilateral Debt,FY 2024/25,2025-06-30,annual,3045.391,KSh Billion,total_ppg_debt,25.78,,,provisional_fy_outturn,EXT-DOC-001,National Treasury of Kenya,Annual Public Debt Management Report FY 2024/2025,Table 10 (p. 45),"KSh million divided by 1,000; share calculated against total PPG debt",Multilateral external debt
composition,COMP_EXT_COMM_2025,External Commercial Debt,FY 2024/25,2025-06-30,annual,1322.292,KSh Billion,total_ppg_debt,11.19,,,provisional_fy_outturn,EXT-DOC-001,National Treasury of Kenya,Annual Public Debt Management Report FY 2024/2025,Table 10 (p. 45),"Commercial external debt plus guaranteed commercial external debt; KSh million divided by 1,000","Includes sovereign bonds, commercial loans and guaranteed commercial debt"
composition,COMP_EXT_BILAT_2025,External Bilateral Debt,FY 2024/25,2025-06-30,annual,1106.363,KSh Billion,total_ppg_debt,9.36,,,provisional_fy_outturn,EXT-DOC-001,National Treasury of Kenya,Annual Public Debt Management Report FY 2024/2025,Table 10 (p. 45),"Bilateral external debt plus guaranteed bilateral external debt; KSh million divided by 1,000",Government-to-government and guaranteed bilateral debt
composition,COMP_EXT_SUPP_2025,External Suppliers Credit,FY 2024/25,2025-06-30,annual,14.419,KSh Billion,total_ppg_debt,0.12,,,provisional_fy_outturn,EXT-DOC-001,National Treasury of Kenya,Annual Public Debt Management Report FY 2024/2025,Table 10 (p. 45),"KSh million divided by 1,000; share calculated against total PPG debt",Supplier credit liabilities
debt_service,SVC_TOT_2025,Total Public Debt Service,FY 2024/25,2025-06-30,annual,1722.104,KSh Billion,total_debt_service,100,71.16,9.88,provisional_fy_outturn,EXT-DOC-001,National Treasury of Kenya,Annual Public Debt Management Report FY 2024/2025,Table 4 (p. 30),"KSh million divided by 1,000; ratios calculated from same-period denominators",Domestic principal excludes Treasury bill redemptions
debt_service,SVC_INT_TOT_2025,Total Interest Payments,FY 2024/25,2025-06-30,annual,987.495,KSh Billion,total_debt_service,57.34,40.8,5.66,provisional_fy_outturn,EXT-DOC-001,National Treasury of Kenya,Annual Public Debt Management Report FY 2024/2025,Table 4 (p. 30),"KSh million divided by 1,000; ratios calculated from same-period denominators",Domestic plus external interest
debt_service,SVC_INT_DOM_2025,Domestic Interest Payments,FY 2024/25,2025-06-30,annual,776.257,KSh Billion,total_debt_service,45.08,32.07,4.45,provisional_fy_outturn,EXT-DOC-001,National Treasury of Kenya,Annual Public Debt Management Report FY 2024/2025,Table 4 (p. 30),"KSh million divided by 1,000; ratios calculated from same-period denominators",Represents 78.61 percent of total interest
debt_service,SVC_INT_EXT_2025,External Interest Payments,FY 2024/25,2025-06-30,annual,211.238,KSh Billion,total_debt_service,12.27,8.73,1.21,provisional_fy_outturn,EXT-DOC-001,National Treasury of Kenya,Annual Public Debt Management Report FY 2024/2025,Table 4 (p. 30),"KSh million divided by 1,000; ratios calculated from same-period denominators",External interest payments
debt_service,SVC_PRIN_TOT_2025,Total Principal Repayments,FY 2024/25,2025-06-30,annual,734.6089999999999,KSh Billion,total_debt_service,42.66,30.35,4.21,provisional_fy_outturn,EXT-DOC-001,National Treasury of Kenya,Annual Public Debt Management Report FY 2024/2025,Table 4 (p. 30),"External principal plus domestic principal; KSh million divided by 1,000",Domestic principal excludes Treasury bill redemptions
debt_service,SVC_PRIN_EXT_2025,External Principal Repayments,FY 2024/25,2025-06-30,annual,367.804,KSh Billion,total_debt_service,21.36,15.2,2.11,provisional_fy_outturn,EXT-DOC-001,National Treasury of Kenya,Annual Public Debt Management Report FY 2024/2025,Table 4 (p. 30),"KSh million divided by 1,000; ratios calculated from same-period denominators",External loan amortization
debt_service,SVC_PRIN_DOM_2025,Domestic Principal Repayments,FY 2024/25,2025-06-30,annual,366.805,KSh Billion,total_debt_service,21.3,15.16,2.1,provisional_fy_outturn,EXT-DOC-001,National Treasury of Kenya,Annual Public Debt Management Report FY 2024/2025,Table 4 (p. 30),"KSh million divided by 1,000; ratios calculated from same-period denominators",Domestic bond redemptions; excludes Treasury bill redemptions
macro_fiscal,MACRO_GDP_NOM_2025,Nominal GDP Baseline Denominator,FY 2024/25,2025-06-30,annual,17434.534,KSh Billion,,,,,provisional_fy_outturn,EXT-DOC-001,National Treasury of Kenya,Annual Public Debt Management Report FY 2024/2025,Table 3 (p. 28),"KSh million divided by 1,000",Same-period denominator for FY 2024/25 GDP ratios
macro_fiscal,MACRO_REV_ORD_2025,Ordinary Revenue,FY 2024/25,2025-06-30,annual,2420.174,KSh Billion,,,,13.88,provisional_fy_outturn,EXT-DOC-001,National Treasury of Kenya,Annual Public Debt Management Report FY 2024/2025,Table 4 (p. 30),"KSh million divided by 1,000; GDP share calculated",Ordinary revenue denominator used by the Treasury debt-service table
macro_fiscal,RATIO_DEBT_GDP_NOM_2025,Nominal Debt-to-GDP Ratio,FY 2024/25,2025-06-30,annual,67.76,Percent,,,,,provisional_fy_outturn,EXT-DOC-001,National Treasury of Kenya,Annual Public Debt Management Report FY 2024/2025,Table 3 (p. 28),Total PPG debt divided by nominal GDP; official report rounds to 67.8 percent,Calculated from exact same-table values
macro_fiscal,RATIO_DEBT_GDP_PV_2025,Present Value Debt-to-GDP Ratio,FY 2024/25,2025-06-30,annual,63.7,Percent,,,,,provisional_fy_outturn,EXT-DOC-001,National Treasury of Kenya,Annual Public Debt Management Report FY 2024/2025,Table 3 (p. 28) and Chapter 8 (p. 63),Directly reported,Present-value measure used for the statutory anchor comparison
macro_fiscal,STATUTORY_ANCHOR_PV,PFM Act Statutory Debt Anchor,Current law,2024-04-26,not_applicable,55,Percent,,,,,statutory_rule,SRC-LAW-001,Kenya Law,Public Finance Management Act (Cap. 412C),Section 50(2A)-(2B),Directly stated in law,A deviation of up to five percentage points may be permitted in prescribed circumstances
macro_fiscal,RATIO_SVC_REV_2025,Debt Service to Ordinary Revenue Ratio,FY 2024/25,2025-06-30,annual,71.16,Percent,,,,,provisional_fy_outturn,EXT-DOC-001,National Treasury of Kenya,Annual Public Debt Management Report FY 2024/2025,Table 4 (p. 30),Total debt service divided by ordinary revenue; official report rounds to 71.2 percent,Same-period numerator and denominator
macro_fiscal,RATIO_DOM_INT_REV_2025,Domestic Interest to Ordinary Revenue Ratio,FY 2024/25,2025-06-30,annual,32.07,Percent,,,,,provisional_fy_outturn,EXT-DOC-001,National Treasury of Kenya,Annual Public Debt Management Report FY 2024/2025,Table 4 (p. 30),Domestic interest divided by ordinary revenue; official report rounds to 32.1 percent,Same-period numerator and denominator
domestic_interest_breakdown,SVC_INT_DOM_TBILLS_2025,Treasury Bill Interest and Discount,FY 2024/25,2025-06-30,annual,87.560,KSh Billion,domestic_interest,11.28,,,provisional_fy_outturn,EXT-DOC-001,National Treasury of Kenya,Annual Public Debt Management Report FY 2024/2025,Table 9 (p. 44),KSh million divided by 1000; share calculated against total domestic interest,Treasury bill discount reported as domestic interest and charges
domestic_interest_breakdown,SVC_INT_DOM_TBONDS_2025,Treasury Bond Interest,FY 2024/25,2025-06-30,annual,677.762,KSh Billion,domestic_interest,87.31,,,provisional_fy_outturn,EXT-DOC-001,National Treasury of Kenya,Annual Public Debt Management Report FY 2024/2025,Table 9 (p. 44),KSh million divided by 1000; share calculated against total domestic interest,Interest paid on Treasury bonds
domestic_interest_breakdown,SVC_INT_DOM_CBK_COMMISSION_2025,Central Bank Commission,FY 2024/25,2025-06-30,annual,3.000,KSh Billion,domestic_interest,0.39,,,provisional_fy_outturn,EXT-DOC-001,National Treasury of Kenya,Annual Public Debt Management Report FY 2024/2025,Table 9 (p. 44),KSh million divided by 1000; share calculated against total domestic interest,Commission reported under domestic interest and charges
domestic_interest_breakdown,SVC_INT_DOM_PRE1997_2025,Pre-1997 Debt Interest,FY 2024/25,2025-06-30,annual,0.491,KSh Billion,domestic_interest,0.06,,,provisional_fy_outturn,EXT-DOC-001,National Treasury of Kenya,Annual Public Debt Management Report FY 2024/2025,Table 9 (p. 44),KSh million divided by 1000; share calculated against total domestic interest,Interest on pre-1997 domestic debt
domestic_interest_breakdown,SVC_INT_DOM_OVERDRAFT_2025,Other and Overdraft Interest,FY 2024/25,2025-06-30,annual,7.444,KSh Billion,domestic_interest,0.96,,,provisional_fy_outturn,EXT-DOC-001,National Treasury of Kenya,Annual Public Debt Management Report FY 2024/2025,Table 9 (p. 44),KSh million divided by 1000; share calculated against total domestic interest,Other domestic interest including overdraft charges
domestic_debt_holder,HOLDER_CBK_2025,Central Bank of Kenya Domestic Debt Holdings,FY 2024/25,2025-06-30,annual,172.637,KSh Billion,domestic_debt,2.73,,,provisional_fy_outturn,EXT-DOC-001,National Treasury of Kenya,Annual Public Debt Management Report FY 2024/2025,Table 6 (p. 36),KSh million divided by 1000; share calculated against total domestic debt,Stock holding; not an allocation of interest income
domestic_debt_holder,HOLDER_COMM_BANKS_2025,Commercial Bank Domestic Debt Holdings,FY 2024/25,2025-06-30,annual,2194.148,KSh Billion,domestic_debt,34.68,,,provisional_fy_outturn,EXT-DOC-001,National Treasury of Kenya,Annual Public Debt Management Report FY 2024/2025,Table 6 (p. 36),KSh million divided by 1000; share calculated against total domestic debt,Stock holding; interest receipts cannot be inferred as bank profit
domestic_debt_holder,HOLDER_GOV_PARASTATALS_2025,Government and Parastatal Domestic Debt Holdings,FY 2024/25,2025-06-30,annual,874.246,KSh Billion,domestic_debt,13.82,,,provisional_fy_outturn,EXT-DOC-001,National Treasury of Kenya,Annual Public Debt Management Report FY 2024/2025,Table 6 (p. 36),KSh million divided by 1000; share calculated against total domestic debt,Stock holding; not an allocation of interest income
domestic_debt_holder,HOLDER_HOUSEHOLDS_2025,Household Domestic Debt Holdings,FY 2024/25,2025-06-30,annual,382.411,KSh Billion,domestic_debt,6.05,,,provisional_fy_outturn,EXT-DOC-001,National Treasury of Kenya,Annual Public Debt Management Report FY 2024/2025,Table 6 (p. 36),KSh million divided by 1000; share calculated against total domestic debt,Stock holding; not an allocation of interest income
domestic_debt_holder,HOLDER_NONRESIDENTS_2025,Non-resident Domestic Debt Holdings,FY 2024/25,2025-06-30,annual,279.636,KSh Billion,domestic_debt,4.42,,,provisional_fy_outturn,EXT-DOC-001,National Treasury of Kenya,Annual Public Debt Management Report FY 2024/2025,Table 6 (p. 36),KSh million divided by 1000; share calculated against total domestic debt,Stock holding; not an allocation of interest income
domestic_debt_holder,HOLDER_PENSIONS_2025,Pension Fund Domestic Debt Holdings,FY 2024/25,2025-06-30,annual,894.493,KSh Billion,domestic_debt,14.14,,,provisional_fy_outturn,EXT-DOC-001,National Treasury of Kenya,Annual Public Debt Management Report FY 2024/2025,Table 6 (p. 36),KSh million divided by 1000; share calculated against total domestic debt,Stock holding; not an allocation of interest income
domestic_debt_holder,HOLDER_INSURANCE_2025,Insurance Company Domestic Debt Holdings,FY 2024/25,2025-06-30,annual,799.140,KSh Billion,domestic_debt,12.63,,,provisional_fy_outturn,EXT-DOC-001,National Treasury of Kenya,Annual Public Debt Management Report FY 2024/2025,Table 6 (p. 36),KSh million divided by 1000; share calculated against total domestic debt,Stock holding; not an allocation of interest income
domestic_debt_holder,HOLDER_OTHER_2025,Other Investor Domestic Debt Holdings,FY 2024/25,2025-06-30,annual,729.299,KSh Billion,domestic_debt,11.53,,,provisional_fy_outturn,EXT-DOC-001,National Treasury of Kenya,Annual Public Debt Management Report FY 2024/2025,Table 6 (p. 36),KSh million divided by 1000; share calculated against total domestic debt,Residual investor category in Treasury table; stock holding not interest allocation
debt_cost,COST_WAIR_TOTAL_2025,Weighted Average Interest Rate on Total Public Debt,FY 2024/25,2025-06-30,annual,8.7,Percent,,,,,provisional_fy_outturn,EXT-DOC-001,National Treasury of Kenya,Annual Public Debt Management Report FY 2024/2025,Section 9.3 and Figure 17 (p. 68),Directly reported,Weighted average interest rate for the total public debt portfolio
debt_cost,COST_WAIR_DOMESTIC_2025,Weighted Average Interest Rate on Domestic Debt,FY 2024/25,2025-06-30,annual,13.0,Percent,,,,,provisional_fy_outturn,EXT-DOC-001,National Treasury of Kenya,Annual Public Debt Management Report FY 2024/2025,Section 9.3 and Figure 17 (p. 68),Directly reported,Down from 13.2 percent in FY 2023/24
debt_cost,COST_WAIR_EXTERNAL_2025,Weighted Average Interest Rate on External Debt,FY 2024/25,2025-06-30,annual,3.9,Percent,,,,,provisional_fy_outturn,EXT-DOC-001,National Treasury of Kenya,Annual Public Debt Management Report FY 2024/2025,Section 9.3 and Figure 17 (p. 68),Directly reported,Up from 3.8 percent in FY 2023/24
